Building Name,ADDRESS
DAVENPORT HALL,607 S. MATHEWS URBANA IL
"ART-EAST ANNEX, STUDIO 2",1301 S. GOODWIN URBANA IL
HARDING BAND BUILDING,1103 S. SIXTH CHAMPAIGN IL
GYM ANNEX,1402 W. SPRINGFIELD URBANA IL
ARMORY,505 E. ARMORY CHAMPAIGN IL
FOELLINGER AUDITORIUM,709 S. MATHEWS URBANA IL
AGRICULTURAL ENGR SCIENCES BLDG,1304 W. PENNSYLVANIA URBANA IL
ELECTRICAL ENGR ANNEX,104 S. BURRILL AVE. URBANA IL
CHEMISTRY ANNEX,601 S. MATHEWS URBANA IL
CERAMICS KILN HOUSE,107 S. GOODWIN URBANA IL
NOYES LABORATORY OF CHEMISTRY,505 S. MATHEWS URBANA IL
TALBOT LABORATORY,104 S. WRIGHT URBANA IL
ICE ARENA,406 E. ARMORY CHAMPAIGN IL
ENGINEERING HALL,1308 W. GREEN URBANA IL
ELECTRICAL ENGR RES LAB,106 S. BURRILL AVE. URBANA IL
ADVANCED COMPUTATION BLDG,1011 W. SPRINGFIELD URBANA IL
"ART-EAST ANNEX, STUDIO 1",1208 PEABODY DR. URBANA IL
ORNAMENTAL HORTICULTURE BUILDING,1107 W. DORNER URBANA IL
PHYSIOLOGY RESEARCH LABORATORY,301 E. HAZELWOOD CHAMPAIGN IL
KENNEY GYMNASIUM,1406 W. SPRINGFIELD URBANA IL
"GREENHOUSE, NORTH",105 S. BURRILL AVE. URBANA IL
ILLINI UNION,1401 W. GREEN URBANA IL
NEWMARK CIVIL ENGINEERING BUILDING,205 N. MATHEWS URBANA IL
HARKER HALL,1305 W. GREEN URBANA IL
ALTGELD HALL,1409 W. GREEN URBANA IL
LINCOLN HALL,702 S. WRIGHT URBANA IL
AERONAUTICAL LABORATORY A,101 S. GOODWIN URBANA IL
MECHANICAL ENGINEERING LABORATORY,105 S. MATHEWS URBANA IL
AERO LAB B,102 S. BURRILL AVE. URBANA IL
DYNAMICS TESTING LABORATORY,609 E. CURTIS RD. CHAMPAIGN IL
NATURAL HISTORY BUILDING,1301 W. GREEN URBANA IL
OBSERVATORY,901 S. MATHEWS URBANA IL
MATERIALS SCIENCE AND ENG BLDG,1304 W. GREEN URBANA IL
VEGETABLE CROPS BUILDING,1103 W. DORNER URBANA IL
ENGINEERING RESEARCH LAB,103 S. MATHEWS AVE. URBANA IL
EVERITT ELEC & COMP ENGR LAB,1406 W. GREEN URBANA IL
FIRE STATION,1306 W. GREEN URBANA IL
MUSIC BUILDING,1114 W. NEVADA URBANA IL
STOCK PAVILION,1402 W. PENNSYLVANIA URBANA IL
LIBRARY,1408 W. GREGORY URBANA IL
TRANSPORTATION BUILDING,104 S. MATHEWS URBANA IL
GREGORY HALL,810 S. WRIGHT URBANA IL
ENGLISH BUILDING,608 S. WRIGHT URBANA IL
WOODSHOP & FOUNDRY,102 N. BURRILL AVE URBANA IL
HENRY ADMINISTRATION BUILDING,506 S. WRIGHT URBANA IL
HALFWAY HOUSE,S. MATHEWS AVE CHAMPAIGN IL
NUCLEAR RADIATION LABORATORY,201 S. GOODWIN URBANA IL
FILTRATION PLANT,1305 W. SPRINGFIELD URBANA IL
ARCHITECTURE BUILDING,608 E. LORADO TAFT CHAMPAIGN IL
BOTANY ANNEX & GRNHS,102 N. MATHEWS AVE. URBANA IL
KRANNERT CENTER FOR PERFORMING ARTS,500 S. GOODWIN URBANA IL
FIRE STATION GARAGE,1304 1/2 W. GREEN ST. URBANA IL
DAVID KINLEY HALL,1407 W. GREGORY URBANA IL
CERAMICS BUILDING,105 S. GOODWIN URBANA IL
SHELFORD VIVARIUM,606 E. HEALY CHAMPAIGN IL
ANIMAL GENETICS BUILDING,1301 W. LORADO TAFT URBANA IL
HUFF HALL,1206 S. FOURTH CHAMPAIGN IL
SURVEYING BUILDING,607 E. GREGORY CHAMPAIGN IL
SMITH MEMORIAL HALL,805 S. MATHEWS URBANA IL
UNIVERSITY HIGH SCHOOL,1212 W. SPRINGFIELD URBANA IL
CHILD DEVELOPMENT LABORATORY,1105 W. NEVADA URBANA IL
UNIVERSITY HIGH SCHOOL GYMNASIUM,1207 W. STOUGHTON URBANA IL
FREER HALL,906 S. GOODWIN URBANA IL
ILLINI HALL,725 S. WRIGHT CHAMPAIGN IL
SEITZ MATERIALS RESEARCH LAB,104 S. GOODWIN URBANA IL
LOOMIS LABORATORY OF PHYSICS,1110 W. GREEN ST. URBANA IL
HORTICULTURE FIELD LABORATORY,1707 S. ORCHARD URBANA IL
MUMFORD HALL,1301 W. GREGORY URBANA IL
CHEMICAL & LIFE SCIENCES LABORATORY,601 S. GOODWIN URBANA IL
STUDENT SERVICES ARCADE BUILDING,713 S. WRIGHT CHAMPAIGN IL
MEMORIAL STADIUM,1400 S. FIRST CHAMPAIGN IL
AGRICULTURAL BIOPROCESS LAB,1302 W. PENNSYLVANIA URBANA IL
INST GOV & PUBLIC AFFAIRS BLDG,1007 W. NEVADA URBANA IL
CHILDREN'S RESEARCH CENTER,51 E. GERTY CHAMPAIGN IL
PSYCHOLOGY LABORATORY,603 E. DANIEL CHAMPAIGN IL
PLANT SERVICES BUILDING-NORTHEAST,1005 W. WESTERN URBANA IL
1207 W. SPRINGFIELD,1207 W. SPRINGFIELD URBANA IL
ALICE CAMPBELL ALUMNI CENTER,601 S LINCOLN URBANA IL
SUPERCONDUCTIVITY CENTER,100 S. GOODWIN URBANA IL
"C-7 PARKING STRUCTURE, STUDENT STAFF",517 E. JOHN STREET CHAMPAIGN IL
UNIVERSITY POLICE,101 N. MATHEWS AVE. URBANA IL
UNDERGRADUATE LIBRARY,1402 W. GREGORY URBANA IL
PRESIDENT'S HOUSE,800 W. FLORIDA URBANA IL
BLAISDELL HALL,901 W. PENNSYLVANIA URBANA IL
SAUNDERS HALL,902 COLLEGE COURT URBANA IL
BABCOCK HALL,1002 COLLEGE COURT URBANA IL
CARR HALL,1001 W. PENNSYLVANIA URBANA IL
PENNSYLVANIA LOUNGE BUILDING,906 W. COLLEGE CT. URBANA IL
ILLINI UNION BOOKSTORE,807/809 S. WRIGHT CHAMPAIGN IL
ENVIRONMENTAL RESEARCH ANNEX,1009 W. WESTERN URBANA IL
COMPUTING APPLICATIONS BUILDING,605 E. SPRINGFIELD CHAMPAIGN IL
NATURAL RESOURCES BUILDING,607 E. PEABODY CHAMPAIGN IL
NUCLEAR PHYSICS LABORATORY,25 E. STADIUM DR. CHAMPAIGN IL
BUSEY HALL,1111 W. NEVADA URBANA IL
MECHANICAL ENGINEERING BUILDING,1206 W. GREEN URBANA IL
DAVENPORT HOUSE,807 S. WRIGHT ST. CHAMPAIGN IL
POMOLOGY GREENHOUSE-HORT FIELD LAB,1803 S. ORCHARD URBANA IL
EVANS HALL,1115 W. NEVADA URBANA IL
ROGER ADAMS LABORATORY,600 S. MATHEWS URBANA IL
NUCLEAR ENGINEERING LABORATORY,103 S. GOODWIN URBANA IL
ACTIVITIES & RECREATION CENTER,201 E. PEABODY CHAMPAIGN IL
"203 S GREGORY, URBANA",203 S. GREGORY URBANA IL
ABBOTT POWER PLANT,1117 S. OAK CHAMPAIGN IL
FSI - FIREMANSHIP TRAINING FACILITIES,11 GERTY DR. CHAMPAIGN IL
RADIO TRANSMITTER STATION,2520 S. FIRST ST. RD. CHAMPAIGN IL
NATIONAL SOYBEAN RESEARCH CENTER,1101 W. PEABODY URBANA IL
MUMFORD HOUSE,1403 W. LORADO TAFT URBANA IL
LEVIS FACULTY CENTER,919 W. ILLINOIS URBANA IL
GEOLOGICAL SURVEY LABORATORY,1116 S. OAK CHAMPAIGN IL
"810 S SIXTH, CHAMPAIGN",810 S. SIXTH CHAMPAIGN IL
COBLE HALL,801 S. WRIGHT CHAMPAIGN IL
TURNER HALL GREENHOUSES,1102 S. GOODWIN URBANA IL
NATURAL RESOURCES GARAGE,608 E. PENNSYLVANIA CHAMPAIGN IL
NATURAL HISTORY SURVEY GREENHOUSE,614 E. PENNSYLVANIA CHAMPAIGN IL
1201 W. CALIFORNIA,1201 W. CALIFORNIA URBANA IL
"STUDENT-STAFF APTS-300 S GOODWIN, U",300 S. GOODWIN URBANA IL
"STUDENT STAFF APTS #2- 1107 GREEN ST., U",1107 W. GREEN URBANA IL
BURRILL HALL,407 S. GOODWIN URBANA IL
"1202 W GREEN, URBANA",1202 W. GREEN URBANA IL
"ILLINOIS SIMULATOR LABORATORY, BECKMAN INSTITUTE",2100 S. GOODWIN URBANA IL
LINCOLN AVENUE RESIDENCE HALL,1005 S. LINCOLN URBANA IL
ALLEN RESIDENCE HALL,1005 W. GREGORY URBANA IL
"608 S MATHEWS, URBANA",608 S. MATHEWS URBANA IL
DALKEY ARCHIVE PRESS (PSSB),1805 S. WRIGHT STREET CHAMPAIGN IL
"1205 1/2 W NEVADA, URBANA",1205 1/2 W. NEVADA URBANA IL
"1205 W NEVADA, URBANA",1205 W. NEVADA URBANA IL
1205 W. CALIFORNIA,1205 W. CALIFORNIA URBANA IL
COORDINATED SCIENCE LABORATORY,1308 W. MAIN ST. URBANA IL
COMMERCE ANNEX,1407 W. LORADO TAFT URBANA IL
"1208 W SPRINGFIELD, URBANA",1208 W. SPRINGFIELD URBANA IL
"1204 W NEVADA, URBANA",1204 W. NEVADA URBANA IL
CIVIL ENGINEERING HYDROSYSTEMS LAB,205 N. MATHEWS URBANA IL
WAREHOUSE #1 - HYD ENGR LAB #1,100 BLOCK N. GREGORY URBANA IL
PERSONNEL SERVICES BUILDING,52 E. GREGORY CHAMPAIGN IL
VOLATILE CHEMICAL STORAGE BLDG,505 S. GOODWIN URBANA IL
LAW BUILDING,504 E. PENNSYLVANIA AVE. CHAMPAIGN IL
AFRICAN AMERICAN STUDIES,1201 W. NEVADA URBANA IL
BEVIER HALL,905 W. GOODWIN URBANA IL
WOHLERS HALL,1206 S. SIXTH CHAMPAIGN IL
EDUCATION BUILDING,1310 S. SIXTH ST. CHAMPAIGN IL
"1401 S MARYLAND, URBANA",1401 S. MARYLAND URBANA IL
ENGINEERING SENIOR DESIGN LAB,1013 W. WESTERN URBANA IL
PLANT SERVICES STORAGE BUILDING,1015 W. WESTERN URBANA IL
STRUCTURAL WAREHOUSE,1017 W. WESTERN URBANA IL
ANIMAL SCIENCES LABORATORY,1207 W. GREGORY URBANA IL
STATE FARM CENTER,1800 S. FIRST CHAMPAIGN IL
COLONEL WOLFE SCHOOL,403 E. HEALY CHAMPAIGN IL
"1005 W NEVADA, URBANA",1005 W. NEVADA URBANA IL
BURNSIDES RESEARCH LABORATORY,1208 W. PENNSYLVANIA URBANA IL
CENTRAL RECEIVING BUILDING,1609 S. OAK CHAMPAIGN IL
MEAT SCIENCE LABORATORY,1503 S. MARYLAND URBANA IL
FOREIGN LANGUAGES BUILDING,707 S. MATHEWS URBANA IL
AFRICAN AMERICAN CULTURE CENTER,708 S. MATHEWS URBANA IL
ENGINEERING SCIENCES BUILDING,1101 W. SPRINGFIELD URBANA IL
1009 W. NEVADA,1009 W. NEVADA URBANA IL
REHABILITATION EDUCATION CENTER,1207 S. OAK CHAMPAIGN IL
1204 W. OREGON,1204 W. OREGON URBANA IL
"MAILING CENTER-1611 S OAK, CHAMPAIGN",1611 S. OAK CHAMPAIGN IL
"ILLINI GROVE, SEWARD STALEY",905 W. PENNSYLVANIA URBANA IL
STU-STAFF AIR CONDITIONING CENTER,1109 W. GREEN URBANA IL
DANIELS HALL,1010 W. GREEN URBANA IL
NUCLEAR REACTOR LABORATORY,102 S. GOODWIN URBANA IL
WOOD ENGINEERING LABORATORY,1305 S. GOODWIN URBANA IL
1208 WEST NEVADA,1208 W. NEVADA URBANA IL
H P GAS REGULATING & REDUCING STA,1207 W. WESTERN URBANA IL
1116 W. ILLINOIS,1116 W. ILLINOIS URBANA IL
ENTOMOLOGY LABORATORY,1902 S. GRIFFITH DR. CHAMPAIGN IL
FRED TURNER STUDENT SERVICES BLDG,610 E. JOHN CHAMPAIGN IL
MEDICAL SCIENCES BUILDING,506 S. MATHEWS URBANA IL
SWANLUND ADMINISTRATION BUILDING,601 E. JOHN CHAMPAIGN IL
USDA NEMATOLOGY GREENHOUSE,1105 W. DONNER URBANA IL
"1203 W NEVADA, URBANA",1203 W. NEVADA URBANA IL
OPTICAL PHYSICS AND ENGINEERING BLDG,607 E. HEALY CHAMPAIGN IL
TURNER HALL,1102 S. GOODWIN URBANA IL
PHYSICAL PLANT SERVICE BUILDING,1501 S. OAK CHAMPAIGN IL
"1001 W NEVADA, URBANA",1001 W. NEVADA URBANA IL
1007 W. NEVADA,1007 W. NEVADA URBANA IL
GARAGE AND CAR POOL,1701 S. OAK ST. CHAMPAIGN IL
HORTICULTURE FIELD LAB STEEL BLDG,1801 S. ORCHARD URBANA IL
605 S. GOODWIN,605 S. GOODWIN URBANA IL
HYDROGEN LIQUEFIER BUILDING,1301 S. OAK CHAMPAIGN IL
"1203 W OREGON, URBANA",1203 W. OREGON URBANA IL
ILLINOIS SUSTAINABILITY TECHNOLOGY CNTR,19 E. HAZELWOOD DR. CHAMPAIGN IL
"1203 1/2 W NEVADA, URBANA",1203 1/2 W. NEVADA URBANA IL
ATMOSPHERIC SCIENCES BUILDING,105 S. GREGORY STREET URBANA IL
SPEECH AND HEARING SCIENCE,901 S. SIXTH CHAMPAIGN IL
DIGITAL COMPUTER LABORATORY,1304 W. SPRINGFIELD URBANA IL
1203 W. CALIFORNIA,1203 W. CALIFORNIA URBANA IL
1202 W. CALIFORNIA,1202 W. CALIFORNIA URBANA IL
ENVIRON HEALTH & SAFETY BLDG,101 S. GREGORY AVE. URBANA IL
"911 S SIXTH, CHAMPAIGN",911 S. SIXTH CHAMPAIGN IL
"909 S SIXTH, CHAMPAIGN",909 S. SIXTH CHAMPAIGN IL
POST OFFICE AND SNACK BAR -IL ORANGE,301 E. GREGORY CHAMPAIGN IL
HOUSING FOOD STORES,1321 S. OAK CHAMPAIGN IL
SCHOOL OF LABOR & EMPLOYMENT RELATIONS,504 E. ARMORY CHAMPAIGN IL
ART AND DESIGN BUILDING,408 E. PEABODY CHAMPAIGN IL
KRANNERT ART MUSEUM,500 E. PEABODY CHAMPAIGN IL
"805 W PENNSYLVANIA, URBANA",805 W. PENNSYLVANIA URBANA IL
PRINTING & PHOTOGRAPHIC SERV BLDG,54 E. GREGORY CHAMPAIGN IL
1207 W. STOUGHTON,1207 W. STOUGHTON URBANA IL
"1205 W OREGON, URBANA",1205 W. OREGON URBANA IL
1006 W. OREGON,1006 W. OREGON URBANA IL
"59 E ARMORY, CHAMPAIGN",59 E. ARMORY CHAMPAIGN IL
ORCHARD PLACE APARTMENTS,1800 S. ORCHARD URBANA IL
BECKMAN INSTITUTE,405 N. MATHEWS URBANA IL
"55 E ARMORY, CHAMPAIGN",55 E. ARMORY CHAMPAIGN IL
ORCHARD DOWNS LAUNDRY - NORTH,1900 S. ORCHARD URBANA IL
602 E. GREEN,602 E. GREEN CHAMPAIGN IL
NORTH CAMPUS CHILLER PLANT,305 N. MATHEWS AVE. URBANA IL
HOUSING MAINTENANCE SHOP,511 N. HAZELWOOD DRIVE URBANA IL
ARMORY AVENUE WAREHOUSE,24 E. ARMORY CHAMPAIGN IL
"512 E CHALMERS, CHAMPAIGN",512 E. CHALMERS CHAMPAIGN IL
ORCHARD DOWNS LAUNDRY - SOUTH,2054 S. ORCHARD URBANA IL
MICRO AND NANOTECHNOLOGY LABORATORY,208 N. WRIGHT ST. URBANA IL
"1207 W OREGON, URBANA",1207 W. OREGON URBANA IL
VET MED RESEARCH BLDG,1608 S. MARYLAND URBANA IL
ORCHARD DOWNS APARTMENTS,1900 S. ORCHARD (1900-2200 S. ORCH) URBANA IL
TELEVISION BLDG,302 N. GOODWIN URBANA IL
MORRILL HALL,505 S. GOODWIN URBANA IL
"508 S SIXTH, CHAMPAIGN",508 S. SIXTH CHAMPAIGN IL
UNIVERSAL WASTE SYSTEM BUILDING,1409 S. OAK CHAMPAIGN IL
"205 S GOODWIN, URBANA",205 S. GOODWIN URBANA IL
710 S. GOODWIN,710 S. GOODWIN URBANA IL
"625 S. WRIGHT- suite 103, 201",625 S. WRIGHT ST. CHAMPAIGN IL
ORCHARD PLACE,S. ORCHARD URBANA IL
ORCHARD DOWNS COMMUNITY BUILDING,509 W. GEORGE HUFF COURT URBANA IL
"912 S FIFTH, CHAMPAIGN",912 S. FIFTH CHAMPAIGN IL
PRINTING SERVICES BUILDING,54 E. GREGORY DR. CHAMPAIGN IL
HOUSING WAREHOUSE,511 W. HAZELWOOD DRIVE URBANA IL
907 W. ILLINOIS,907 W. ILLINOIS URBANA IL
901 W. ILLINOIS,901 W. ILLINOIS URBANA IL
UNIVERSITY PRESS BUILDING,1325 S. OAK CHAMPAIGN IL
PLANT SCIENCES LABORATORY,1201 S. DORNER DRIVE URBANA IL
RICHARD T. UBBEN BASKETBALL COMPLEX,1750 S. FOURTH ST. CHAMPAIGN IL
"909 W NEVADA, URBANA",909 W. NEVADA URBANA IL
FORESTRY GREENHOUSE,1807 S. ORCHARD URBANA IL
ORCHARD SOUTH APARTMENTS,S. ORCHARD URBANA IL
"510 E CHALMERS, CHAMPAIGN",510 E. CHALMERS CHAMPAIGN IL
"57 E ARMORY, CHAMPAIGN",57 E. ARMORY CHAMPAIGN IL
602 S. SIXTH ST.,602 S. SIXTH ST. CHAMPAIGN IL
1110 W. MAIN,1110 W. MAIN URBANA IL
"408 S GOODWIN, URBANA",408 S. GOODWIN URBANA IL
DANCE STUDIO,905 W. NEVADA URBANA IL
WASTE TRANSFER & MAT. RECOVERY FACILITY,10 ST. MARY'S ROAD CHAMPAIGN IL
1210 W. CALIFORNIA,1210 W. CALIFORNIA URBANA IL
WARDALL HALL - ISRH - WOMEN'S BLDG,1012 W. ILLINOIS ST. URBANA IL
TOWNSEND HALL - ISRH - MEN'S BLDG,918 W. ILLINOIS ST. URBANA IL
LOUNGE BUILDING - ISRH,1010 W. ILLINOIS ST. URBANA IL
FOOD SERVICE BUILDING - ISRH,1010 W. ILLINOIS ST. URBANA IL
LIBRARY AIR CONDITIONING CENTER CHILLER PLANT,608 E. GREGORY DRIVE CHAMPAIGN IL
POLICE TRAINING INSTITUTE - TACTICAL,609 1/2 E. CURTIS CHAMPAIGN IL
"1210 W SPRINGFIELD, URBANA",1210 W. SPRINGFIELD URBANA IL
"51 E ARMORY, CHAMPAIGN",51 E. ARMORY CHAMPAIGN IL
"CREDIT UNION BUILDING, UOFI EMPLOYEE",2201 S. FIRST ST. CHAMPAIGN IL
ADMIN INFORMATION TECHNOLOGY BLDG,50 E. GERTY CHAMPAIGN IL
STATE REGIONAL OFFICE BUILDING,2125 S. FIRST CHAMPAIGN IL
DRIVER TRAINING FACILITY,8 E. GERTY CHAMPAIGN IL
"912 W ILLINOIS, URBANA",912 W. ILLINOIS URBANA IL
907 W. NEVADA,907 W. NEVADA ST. URBANA IL
CLINICAL SKILLS LEARNING CENTER,1102 W. HAZELWOOD URBANA IL
PHYSICS RESEARCH LAB STORAGE BLDG,301 E. HAZELWOOD CHAMPAIGN IL
WATER SURVEY RESEARCH CENTER #2,30 BAILEY DR. CHAMPAIGN IL
FSI - FIRE STATION,GERTY DR. CHAMPAIGN IL
SHERMAN HALL - SINGLE GRAD HOUSING,909 S. FIFTH CHAMPAIGN IL
VETERINARY TEACHING HOSPITAL,1008 W HAZELWOOD DR. URBANA IL
FSI - CLASSROOM/OFF,11 GERTY DR. CHAMPAIGN IL
TRELEASE HALL - FARH - WOMEN'S BLDG,901 COLLEGE COURT URBANA IL
OGLESBY HALL - FARH - MEN'S BLDG,1005 COLLEGE COURT URBANA IL
FOOD SERVICE BUILDING - FARH,1001 COLLEGE COURT URBANA IL
PHYSICAL PLANT STORAGE BUILDING 'A',1501 S. OAK CHAMPAIGN IL
POLICE TRAINING INSTITUTE STORAGE,609 1/2 E. CURTIS CHAMPAIGN IL
ASTRONOMY BUILDING,1002 W. GREEN URBANA IL
CERL-MAIN BUILDING 1,2902 NEWMARK DR. CHAMPAIGN IL
DRIVER TRAINING SITE STORAGE BLDG,6 E. GERTY CHAMPAIGN IL
PLAY FIELD SERVICE BUILDING,1006 W. ST. MARYS RD. URBANA IL
TRACK STADIUM,1615 S. WRIGHT ST. CHAMPAIGN IL
CLAY HYDROLOGY LABORATORY,1835 S. OAK ST. CHAMPAIGN IL
BUILDING RESEARCH COUNCIL BUILDING,1 E. ST. MARYS RD. CHAMPAIGN IL
BIOLOGICAL CONTROL LABORATORY,1904 S. GRIFFITH DR. CHAMPAIGN IL
1208 W. CALIFORNIA,1208 W. CALIFORNIA URBANA IL
NATURAL HISTORY SURVEY STORAGE B #4,1823 S. OAK ST. CHAMPAIGN IL
301 S. WRIGHT,301 S. WRIGHT ST. CHAMPAIGN IL
NATURAL HISTORY SURVEY STORAGE B #3,1833 S. OAK ST. CHAMPAIGN IL
NATURAL HISTORY SURVEY STORAGE B #2,1831 S. OAK ST. CHAMPAIGN IL
NATURAL HISTORY SURVEY STORAGE B #1,1821 S. OAK ST. CHAMPAIGN IL
BUILDING RESEARCH COUNCIL LABORATORY,1800 S. GRIFFITH CHAMPAIGN IL
SHOP AND EQUIPMENT BUILDING,1825 S. OAK ST. CHAMPAIGN IL
ILLINOIS FIELD PRESS BOX,FLORIDA AVENUE AND WRIGHT STREET URBANA IL
TV ANNEX,1108 W. MAIN URBANA IL
ENGINEERING SENIOR DESIGN LAB ANNEX,1011 W. WESTERN URBANA IL
NATURAL RESOURCE STUDIES ANNEX,1910 GRIFFITH DR. CHAMPAIGN IL
AQUATIC RESEARCH FIELD LABORATORY,51 E. HAZELWOOD DRIVE URBANA IL
PUBLIC SAFETY BUILDING,1110 W. SPRINGFIELD URBANA IL
GRAINGER ENGINEERING LIBRARY INFORMATION CENTER,1301 W. SPRINGFIELD URBANA IL
NATURAL HISTORY SURVEY STORAGE B #5,1817 S. OAK ST. CHAMPAIGN IL
AGRICULTURE SERVICES BUILDING,1917 S. WRIGHT CHAMPAIGN IL
SOUTH STUDIO 2 (SCULPTURE BUILDING),2122 GRIFFITH DR. CHAMPAIGN IL
SOUTH STUDIO 1 (ART STUDIO),2128 GRIFFITH DR. CHAMPAIGN IL
AGRICULTURE SERVICES WAREHOUSE,1919 S. WRIGHT CHAMPAIGN IL
ILLINOIS STATE ARCHAEOLOGICAL SURVEY REPOSITORY,2127 S. GRIFFITH DR. CHAMPAIGN IL
LIBRARY AND INFORMATION SCIENCE BLDG,501 E. DANIEL ST. CHAMPAIGN IL
ERLANGER HOUSE,303 W INDIANA URBANA IL
912 1/2 W. ILLINOIS,912 1/2 W. ILLINOIS URBANA IL
BECKWITH HALL,201 E. JOHN CHAMPAIGN IL
"MADIGAN LABORATORY, EDWARD R",1201 W. GREGORY DR. URBANA IL
PALEOBOTANICAL BUILDING,2115 GRIFFITH DR. CHAMPAIGN IL
SOUTH STUDIO 3 (GLASS SCULPTURE BUILDING,2116 GRIFFITH DR. CHAMPAIGN IL
TEMPLE HOYNE BUELL HALL,1400 W. PEABODY DR. CHAMPAIGN IL
902 W. CALIFORNIA,902 W. CALIFORNIA URBANA IL
VET MED FEED STORAGE BUILDING,2105 S. LINCOLN URBANA IL
TELECOMMUNICATIONS NODE #1,1211 W. WESTERN URBANA IL
BUILDING RESEARCH LABORATORY,1806 GRIFFITH DR. CHAMPAIGN IL
"1009 W SPRINGFIELD, URBANA",1009 W. SPRINGFIELD AVE. URBANA IL
501 S. WRIGHT,501 S. WRIGHT ST. CHAMPAIGN IL
MOTORCYCLE SAFETY OFFICE,4 GERTY DR. CHAMPAIGN IL
VET MED BASIC SCIENCES BUILDING,2001 S. LINCOLN URBANA IL
VETERINARY MEDICINE CHILLER PLANT,2004 S. LINCOLN URBANA IL
505 E GREEN,505 E. GREEN CHAMPAIGN IL
JAPAN HOUSE,2000 S. LINCOLN URBANA IL
TOWER ON 3RD,302 E. JOHN CHAMPAIGN IL
"1004 S FOURTH, C-POLICE TRAINING INS",1004 S. FOURTH ST. CHAMPAIGN IL
"1400 W PARK, URBANA - CLINICAL MED",1400 W. PARK URBANA IL
ATKINS TENNIS CENTER,1800 S. WRIGHT URBANA IL
"510 E DANIEL, CHAMPAIGN",510 E. DANIEL CHAMPAIGN IL
606 S. GREGORY,606 S. GREGORY ST. URBANA IL
CAMPUS RECREATION CENTER - EAST,1102 W. GREGORY DR. URBANA IL
"907 1/2 W NEVADA, URBANA",907 1/2 W. NEVADA URBANA IL
SOUTH STUDIO 4 (CERAMICS FACILITY),2110 GRIFFITH DR. CHAMPAIGN IL
"901 W OREGON, URBANA",901 W. OREGON URBANA IL
1307 W. PARK,1307 W. PARK URBANA IL
INTERNATIONAL STUDIES BUILDING,910 S. FIFTH ST. CHAMPAIGN IL
SOUTH STUDIO 5 (GRADUATE PHOTOGRAPHY),2108 GRIFFITH DR. CHAMPAIGN IL
SOUTH STUDIO 7 (GENERAL ARTS BUILDING),2111 GRIFFITH DR. CHAMPAIGN IL
SPECIAL MATERIALS STORAGE FACILITY,3 HAZELWOOD DR. CHAMPAIGN IL
SPURLOCK MUSEUM,600 S. GREGORY ST. URBANA IL
HARTLEY GARDENS,1800 S. LINCOLN URBANA IL
SOUTH STUDIO 6 (GRADUATE PAINTING FAC.),2109 GRIFFITH DR. CHAMPAIGN IL
CAMPBELL HALL,300 GOODWIN URBANA IL
"ACES LIBRARY, INFO. & ALUMNI CENTER",1101 S GOODWIN URBANA IL
ADMISSIONS AND RECORDS BUILDING,901 W. ILLINOIS URBANA IL
BIELFELDT ATHLETIC ADMINISTRATION BL,1700 S. FOURTH ST. CHAMPAIGN IL
CAMPUS RECREATION OUTDOOR CENTER,51 E. GREGORY DR. CHAMPAIGN IL
IRWIN ACADEMIC SERVICE CENTER,402 E. ARMORY CHAMPAIGN IL
MATHEWS AVE SEWAGE LIFT STATION,N. MATHEWS AVE. URBANA IL
SELF-SERVICE POSTAL STATION,1208 W. GREGORY DR. URBANA IL
ORCHARD DOWNS SEWAGE LIFT STATION,1108 GERTY DR. URBANA IL
FUEL OIL STORAGE TANKS,1717 S OAK STREET CHAMPAIGN IL
PHYSICAL PLANT STRG SALT SHED,1501 S OAK STREET CHAMPAIGN IL
SOILS MODEL TEST FACILITY - SCHNABEL,1412 INTERSTATE DRIVE CHAMPAIGN IL
ANIMAL SCIENCE CHILLER PLANT,1201 W. GREGORY DR. CHAMPAIGN IL
MORROW PLOTS,1400 W. GREGORY DR. URBANA IL
IRWIN INDOOR FOOTBALL FACILITY,301 E. PEABODY DR. CHAMPAIGN IL
RECEIVER & MICROWAVE STRUCTR,1108 W. MAIN STREET URBANA IL
ELECTRICAL AND COMPUTER ENGINEERING,306 N. WRIGHT ST. URBANA IL
604 S. GREGORY ST.,604 S. GREGORY ST. URBANA IL
"1109 W MAIN, URBANA",1109 W. MAIN URBANA IL
1002 W. NEVADA,1002 W. NEVADA ST. URBANA IL
"909 W OREGON, URBANA",909 W. OREGON URBANA IL
"1817 &1819 S. NEIL ST, CHAMPAIGN",1819 S. NEIL ST CHAMPAIGN IL
1208 W. STOUGHTON,1208 W. STOUGHTON URBANA IL
"501 S. SIXTH, CHAMPAIGN",501 S. SIXTH CHAMPAIGN IL
1208 1/2 W. MAIN,1208 1/2 W. MAIN URBANA IL
1212 W. STOUGHTON,1212 W. STOUGHTON URBANA IL
ENGINEERING ANNEX,1011 W. WESTERN URBANA IL
1113 W. MAIN,1113 W. MAIN URBANA IL
"710 W. PARK, URBANA",710 W. PARK URBANA IL
1108 W. SPRINGFIELD,1108 W. SPRINGFIELD URBANA IL
"502 E JOHN, CHAMPAIGN",502 E JOHN CHAMPAIGN IL
201 W. SPRINGFIELD,201 W. SPRINGFIELD CHAMPAIGN IL
1114 W. SPRINGFIELD,1114 W. SPRINGFIELD URBANA IL
112 W. MAIN,112 W. MAIN URBANA IL
"201 W. CURTIS, SUITE 1",513 W. CURTIS RD. CHAMPAIGN IL
"1114 W CLARK, URBANA",1114 W. CLARK ST. URBANA IL
1104 W. MAIN,1104 W. MAIN URBANA IL
1110 W. SPRINGFIELD,1110 W. SPRINGFIELD URBANA IL
123 W. MAIN,123 W. MAIN URBANA IL
631 E. GREEN_703 S. WRIGHT_709 S. WRIGHT,703 S. WRIGHT CHAMPAIGN IL
ASSEMBLY HALL STORAGE BLDG,1800 S. FIRST CHAMPAIGN IL
DURST BUILDING - 1112 W. UNIVERSITY,1112 W. UNIVERSITY URBANA IL
"2212 FOX DRIVE, CHAMPAIGN",2212 FOX DRIVE CHAMPAIGN IL
"1107 S FOURTH, CHAMPAIGN",1107 S FOURTH CHAMPAIGN IL
"704 S. SIXTH, CHAMPAIGN",704 S. SIXTH CHAMPAIGN IL
"322 S. GREEN, CHAMPAIGN",322 S. GREEN CHAMPAIGN IL
"111 E. CHALMERS, CHAMPAIGN",111 E. CHALMERS CHAMPAIGN IL
"106 E. DANIEL, CHAMPAIGN",106 E. DANIEL CHAMPAIGN IL
"58 E. JOHN, CHAMPAIGN",58 E. JOHN CHAMPAIGN IL
"309 E. HEALY, CHAMPAIGN",309 E. HEALY CHAMPAIGN IL
"2301 FOX DRIVE, CHAMPAIGN",2301 FOX DRIVE CHAMPAIGN IL
1602 E. UNIVERSITY,1602 E. UNIVERSITY URBANA IL
709 W. UNIVERSITY,709 W. UNIVERSITY URBANA IL
510 DEVONSHIRE,510 DEVONSHIRE CHAMPAIGN IL
GETZ HALL - PHILLIPS TRACT,1735 N 1700 E(COTTONWOOD RD) URBANA IL
RICHMOND STUDIO,1110 W. MAIN URBANA IL
"401 E. JOHN, CHAMPAIGN",401 E JOHN CHAMPAIGN IL
FIRE SUB STATION,1105 W. GREGORY DR. URBANA IL
F-29 PARKING DECK,"1001 S. DORNER DR., URBANA" IL
NEWTON HOUSE,NULL CHAMPAIGN IL
111 E. GREEN STREET,111 E. GREEN STREET CHAMPAIGN IL
EICHELBERGER FIELD AND PRESS BOX,1201 W. FLORIDA AVE. URBANA IL
NORTH ANNEX,408 S. THIRD CHAMPAIGN IL
4110 S. FIRST STREET,4110 S. FIRST STREET CHAMPAIGN IL
SIEBEL CENTER FOR COMPUTER SCIENCE,201 N. GOODWIN AVENUE URBANA IL
NAT CENTER FOR SUPERCOMP APPL,1205 W. CLARK ST. URBANA IL
CARLE FORUM,611 W. PARK URBANA IL
709 S. WRIGHT,709 S WRIGHT STREET CHAMPAIGN IL
1008 W. UNIVERSITY,1008 W UNIVERSITY AVENUE URBANA IL
1206 W. NEVADA,1206 W. NEVADA URBANA IL
2321 SOUTH FIRST STREET,2321 S. FIRST STREET CHAMPAIGN IL
2323/2325 SOUTH FIRST STREET,2323 S. FIRST STREET CHAMPAIGN IL
100 TRADE CENTER,100 TRADE CENTER DRIVE CHAMPAIGN IL
106 E. DANIEL,106 E DANIEL CHAMPAIGN IL
AN HUSB HEDDEN HOUSE,7 E. ST. MARY'S RD. CHAMPAIGN IL
ANIMAL HUSBANDRY HEDDEN BARN,7 W. ST. MARY'S RD. CHAMPAIGN IL
PIG NURSERY - NORTH,S. FIRST ST. CHAMPAIGN IL
ANIMAL HUSBANDRY SWN BRN - HEDDEN,1901 S. FIRST ST. CHAMPAIGN IL
AN HUSB EXPR SWINE FEED SHED,S. FIRST CHAMPAIGN IL
FARROWING BUILDING - SWINE RES CTR,3502 S. FIRST ST. CHAMPAIGN IL
SOW FEEDING BUILDING - SWINE RES CTR,3502 S. FIRST ST. CHAMPAIGN IL
FEED & VITAMIN MIXING BARN,S. FIRST CHAMPAIGN IL
ANIMAL HUSBANDRY SHEEP MET BLDG,E. ST. MARY'S RD. CHAMPAIGN IL
INDIVIDUAL FEEDING BARN,E. ST. MARY'S RD. CHAMPAIGN IL
ANIMAL HUSBANDRY SHEEP BARNS,201 E. ST. MARY'S RD. CHAMPAIGN IL
FEED MIXING AND SHEEP BARN,E. ST. MARY'S RD. CHAMPAIGN IL
PIG NURSERY - SOUTH,S. FIRST CHAMPAIGN IL
SWINE BARN,S. FIRST CHAMPAIGN IL
FEED STORAGE PLANT,E. ST. MARY'S RD. CHAMPAIGN IL
CONCRETE BLOCK FEED STORAGE,E. ST. MARY'S RD. CHAMPAIGN IL
SWINE RESEARCH CENTER STORAGE,S. FIRST ST. CHAMPAIGN IL
HOG AND CATTLE WEIGHING SHED,E. ST. MARY'S RD. CHAMPAIGN IL
CALF BARN,E. ST. MARY'S RD. CHAMPAIGN IL
ANIMAL HUSBANDRY CATTLE FEEDING PLT,E. ST. MARY'S RD. CHAMPAIGN IL
SCALE HOUSE,E. ST. MARY'S RD. CHAMPAIGN IL
GARAGE,E. ST. MARY'S RD. CHAMPAIGN IL
FEED MIXING SHED,E. ST. MARY'S RD. CHAMPAIGN IL
AGRONOMY SOUTH FARMS LAB,2102 S. WRIGHT URBANA IL
NURSERY BUILDING-SWINE RES CTR,3502 S. FIRST ST. CHAMPAIGN IL
CONFINEMENT BEEF UNIT,E. ST. MARY'S RD. CHAMPAIGN IL
SWINE FINISH. FAC.-SWINE RES,3502 S. FIRST CHAMPAIGN IL
ANIMAL SCI SHOP & STOR-HORSE FARM,1810 S. FOURTH ST. CHAMPAIGN IL
POLE FRAME HORSE BARN,E. ST. MARY'S RD. CHAMPAIGN IL
SHEEP SHELTER,E. ST. MARY'S RD. CHAMPAIGN IL
ANIMAL SCIENCE K40 FACILITY,501 E. ST. MARY'S RD. CHAMPAIGN IL
ANIMAL SCI RUMINANT METABOLISM UNIT,E. ST. MARY'S RD. CHAMPAIGN IL
ANIMAL SCI FARM EQUIPMENT STOR UNIT,601 E. ST. MARY'S RD. CHAMPAIGN IL
ANIMAL SCI ISOLATION UNIT,E. ST. MARY'S RD. CHAMPAIGN IL
SWINE PROGENY TEST FACILITY,1811 S. FIRST ST. CHAMPAIGN IL
EQUINE RESEARCH BARN,517 E. ST. MARY'S RD. CHAMPAIGN IL
PESTICIDE STORAGE,W. HAZELWOOD DR. URBANA IL
MACHINERY STORAGE BLDG-AGRON FARM,W. HAZELWOOD DR. URBANA IL
MACHINERY & EQUIP STOR SHED - AGRON,W. HAZELWOOD DR. URBANA IL
AGRONOMY DEPARTMENT BARN,W. HAZELWOOD DR. URBANA IL
IMPLEMENT SHED WEST OF SEEDHOUSE,W. HAZELWOOD DR. URBANA IL
AGRONOMY SEED HOUSE,2102 S. WRIGHT ST. CHAMPAIGN IL
AGRONOMY DRYING SHED,W. HAZELWOOD DR. URBANA IL
SHEET METAL BARN,W. HAZELWOOD DR. URBANA IL
SHEET METAL BARN - USDA,W. HAZELWOOD DR. URBANA IL
SHEET METAL BARN - SSSS - AGRONOMY,W. HAZELWOOD DR. URBANA IL
SHEET METAL BARN - WEED LAB - USDA,W. HAZELWOOD DR. URBANA IL
SHEET METAL BARN - AGRONOMY,W. HAZELWOOD DR. URBANA IL
SOIL PHYSICS BUILDING - USDA,1310 W. HAZELWOOD DRL. URBANA IL
RAIN DROP TOWER BUILDING - AGRONOMY,W. HAZELWOOD DR. URBANA IL
GRAIN DRYING BUILDING - AGRONOMY,W. HAZELWOOD DR. URBANA IL
USDA GROWTH CHAMBER BUILDING,W. HAZELWOOD DR. URBANA IL
MACHINE STORAGE BUILDING,W. HAZELWOOD DR. URBANA IL
DAIRY EXPERIMENTAL ROUND BARNS,1201 W. ST. MARY'S RD. URBANA IL
DAIRY EXPERIMENTAL ROUND BARNS,1201 W. ST. MARY'S RD. URBANA IL
DAIRY EXPERIMENTAL ROUND BARNS,1201 W. ST. MARY'S RD. URBANA IL
"1101 WEST ST MARY'S ROAD, U",1101 W. ST. MARY'S RD. URBANA IL
CROP SCIENCE RESEARCH & EDUC. CTR.,2008 S. WRIGHT ST. URBANA IL
NEW CALF BARN - ROUND BARNS,1201 W. GOODWIN AVE. URBANA IL
BRICK GARAGE LAB - ROUND BARNS,"1911 S. GOODWIN, AVE. URBANA" IL
OPEN FRONT CATTLE BARN,"1811 S. FOURTH ST., EXT. CHAMPAIGN" IL
CALF BARN,1201 W. ST. MARY'S RD. URBANA IL
RABBIT SHELTER,W. ST. MARY'S RD. URBANA IL
PLANT PEST DIAGNOSTIC CLINIC,1401 W. ST. MARY'S RD. URBANA IL
SWINE FINISHING - BLDG A,3502 S. FIRST ST. CHAMPAIGN IL
SWINE FINISHING - BLDG B,3502 S. FIRST ST. CHAMPAIGN IL
CAGE LAYER HOUSE,W. ST. MARY'S RD. URBANA IL
BROODING AND REARING HOUSE,W. ST. MARY'S RD. URBANA IL
ANIMAL HUSBANDRY POULTRY RES & GAR,1402 W. ST. MARY'S RD. URBANA IL
ANIMAL HUSBANDRY POULTY BREEDING PLT,W. ST. MARY'S RD. URBANA IL
DOG METABOLISM UNIT,W. ST. MARY'S RD. URBANA IL
SHEET METAL POULTRY SHED,W. ST. MARY'S RD. URBANA IL
ANIMAL HUSBANDRY POULTRY PLANT,W. ST. MARY'S RD. URBANA IL
ANIMAL HUSBANDRY POULTRY BARN,1301 W. GREGORY DRIVE URBANA IL
ALUMINUM POULTRY SHED,W. ST. MARY'S RD. URBANA IL
POULTRY RESEARCH LAYING FACILITY,W. ST. MARY'S RD. URBANA IL
GARAGE - HORTICULTURE FIELD LAB,S. ORCHARD URBANA IL
FOOD STOR SHED-HORT FIELD LAB,S. ORCHARD URBANA IL
CANINE UNIT,W. ST. MARY'S RD. URBANA IL
GROUNDS STORAGE BARN,2306 S. LINCOLN URBANA IL
STORAGE BUILDING - PELL FARM,WINDSOR RD. URBANA IL
POLLINATARIUM,606 W. WINDSOR RD. URBANA IL
HORTICULTURE FIELD RESEARCH LAB,S. LINCOLN URBANA IL
WOODY ORNAMENTALS GREENHOUSE,S. LINCOLN URBANA IL
TURF GRASS RESEARCH BLDG,LINCOLN AVE. URBANA IL
ANIMAL RESEARCH BARN-PHYSL RES LAB,"301 E. HAZELWOOD, DR. CHAMPAIGN" IL
ANIMAL GENETICS POLE BARN STORAGE,"301 E. HAZELWOOD, DR. CHAMPAIGN" IL
AMMUNITION STORAGE - 3 BLDGS,WINDSOR RD. CHAMPAIGN IL
PHYSIOLOGY RES LAB-GARAGE WEST,301 E. HAZELWOOD DR. CHAMPAIGN IL
PHYSIOLOGY RES LAB-GARAGE EAST,301 E. HAZELWOOD DR. CHAMPAIGN IL
ANIMAL SCI SUPR RESIDENCE & GARAGE,E. HAZELWOOD DR. CHAMPAIGN IL
MOORMAN RES FARM-SOUTH BARN,2201 S. FOURTH ST. EXT. CHAMPAIGN IL
MOORMAN RES FARM-GATE HOUSE,2201 S. FOURTH ST. EXT. CHAMPAIGN IL
MOORMAN RES FARM-NC-23,2201 S. FOURTH ST. EXT. CHAMPAIGN IL
MOORMAN RES FARM-BOAR BARN,2201 S. FOURTH ST. EXT. CHAMPAIGN IL
MOORMAN RES FARM-SOW BARN,2201 S. FOURTH ST. EXT. CHAMPAIGN IL
MOORMAN RES FARM-PHYSIOLOGY BARN 2,301 E. HAZELWOOD DR. CHAMPAIGN IL
MOORMAN RES FARM-PHYSIOLOGY BARN 1,301 E. HAZELWOOD DR. CHAMPAIGN IL
MOORMAN RES FARM-1A,2201 S. FOURTH ST. EXT. CHAMPAIGN IL
MOORMAN RES FARM-2A,2201 S. FOURTH ST. EXT. CHAMPAIGN IL
MOORMAN RES FARM-3A AND 4A,2201 S. FOURTH ST. EXT. CHAMPAIGN IL
MOORMAN RES FARM-5A,2201 S. FOURTH ST. EXT. CHAMPAIGN IL
MOORMAN RES FARM-FARROWING HOUSE,2201 S. FOURTH ST. EXT. CHAMPAIGN IL
MOORMAN RES FARM-1B,2201 S. FOURTH ST. EXT. CHAMPAIGN IL
MOORMAN RES FARM-2B,2201 S. FOURTH ST. EXT. CHAMPAIGN IL
MOORMAN RES FARM-3B,2201 S. FOURTH ST. EXT. CHAMPAIGN IL
MOORMAN RES FARM-4B,2201 S. FOURTH ST. EXT. CHAMPAIGN IL
MOORMAN RES FARM-5B,2201 S. FOURTH ST. EXT. CHAMPAIGN IL
MOORMAN RES FARM-OXIDATN DITCH BLDG,2201 S. FOURTH ST. EXT. CHAMPAIGN IL
IMPORTED SWINE RESEARCH LABORATORY,2201 S. FOURTH ST. EXT. CHAMPAIGN IL
MOORMAN RES FARM-1C,2201 S. FOURTH ST. EXT. CHAMPAIGN IL
MOORMAN RES FARM-2C AND 3C,2201 S. FOURTH ST. EXT. CHAMPAIGN IL
MOORMAN RES FARM-4C,2201 S. FOURTH ST. EXT. CHAMPAIGN IL
MOORMAN RES FARM-1D,2201 S. FOURTH ST. EXT. CHAMPAIGN IL
MOORMAN RES FARM-2D,2201 S. FOURTH ST. EXT. CHAMPAIGN IL
MOORMAN RES FARM-3D,2201 S. FOURTH ST. EXT. CHAMPAIGN IL
MACHINE SHED-LINCOLN AVE DAIRY,2301 S. LINCOLN URBANA IL
NEW CALF BARN-LINCOLN AVE DAIRY,2301 S. LINCOLN URBANA IL
NEW BULL BARN-LINCOLN AVE DAIRY,2301 S. LINCOLN URBANA IL
MATERNITY BARN-LINCOLN AVE DAIRY,2301 S. LINCOLN URBANA IL
GOAT BARN-LINCOLN AVE DAIRY,2301 S. LINCOLN URBANA IL
DAIRY HERDSMAN'S COTTAGE-L AVE DAIRY,2301 S. LINCOLN URBANA IL
SOUTH BARN AND CALF HOUSE-LAD,2301 S. LINCOLN URBANA IL
NORTH BARN AND MILK HOUSE-LAD,2301 S. LINCOLN URBANA IL
LOAFING BARN-DAIRY CAT MECH CTR-LAD,2301 S. LINCOLN URBANA IL
SHOP AND STORAGE BUILDING-LAD,2301 S. LINCOLN URBANA IL
'T' LOAFING BARN-LINCOLN AVE DAIRY,2301 S. LINCOLN URBANA IL
STORAGE SHED-SOUTH WRIGHT EXT-USDA,S. WRIGHT ST. EXT. CHAMPAIGN IL
AGRONOMY FIELD LABORATORY-USDA,"S. WRIGHT ST. EXT., CHAMPAIGN" IL
DAIRY HERDSMAN'S OFFICE-LAD,2301 S. LINCOLN URBANA IL
MILKING PARLOR-LINCOLN AVE DAIRY,2301 S. LINCOLN URBANA IL
FOOD SCIENCE DRY PROCESSING LAB,E. HAZELWOOD DR. CHAMPAIGN IL
HORTICULTURE BARN,LINCOLN EXTENDED URBANA IL
FEED MIXING BARN-LINCOLN AVE DAIRY,"2301 S. LINCOLN, URBANA" IL
MILKING PARLOR-LINCOLN AVE DAIRY,2301 S. LINCOLN URBANA IL
DAIRY FREE STALL BARN-LAD,"2301 S. LINCOLN, URBANA" IL
GARAGE,S. FIRST ST. CHAMPAIGN IL
TECHNOLOGY COMMERICIALIZATION BLDG,"2004 S. WRIGHT, EXT. URBANA" IL
GARAGE-SHEEP FARM,E. ST. MARY'S ROAD CHAMPAIGN IL
INTENSIVE CARE NURSERY,E. HAZELWOOD DR. CHAMPAIGN IL
SCALE HOUSE-LINCOLN AVE DAIRY,2301 S. LINCOLN URBANA IL
DAIRY BARN-SOUTH RACE STREET,S. RACE URBANA IL
CORN CRIB,S. RACE URBANA IL
IMPLEMENT SHED,S. RACE URBANA IL
FOREST SCIENCE GARAGE - S RACE ST,S. RACE URBANA IL
IMPLEMENT SHED-AG ENG-S RACE ST,3603 SOUTH RACE URBANA IL
AGRICULTURAL ENG STORAGE-S RACE ST,3603 SOUTH RACE URBANA IL
IMPLEMENT SHED-FOREST SCI-S RACE ST,S. RACE URBANA IL
MCCULLOUGH FARM HS-VET MED,S. RACE URBANA IL
DOWNES ANNEX,S. RACE URBANA IL
GARAGE-VET MED,S. RACE URBANA IL
SOUTHWEST BARN-VET MED-S RACE ST,S. RACE URBANA IL
NORTHWEST BARN-VET MED-S RACE ST,"3305 S. RACE, URBANA" IL
SUPERVISOR'S RESIDENCE-SWINE RES CTR,3502 S. FIRST CHAMPAIGN IL
VETERINARY RES FARM-FARROWING HOUSE,"S. RACE, URBANA URBANA" IL
GEOPHYSICAL OBSERVATORY-HSE GREIN FM,1002 W. CURTIS RD. URBANA IL
VETERINARY RES FARM-HOG BARN,S. RACE URBANA IL
VETERINARY RES FARM-POULTRY BARN,S. RACE URBANA IL
VETERINARY RES FARM-CLINICAL RES BAR,S. RACE URBANA IL
VETERINARY RES FARM-ISOLATION BLDG,S. RACE URBANA IL
VETERINARY RES FARM-ISOLATION BLDG,S. RACE URBANA IL
VETERINARY RES FARM-LOCKER ROOM BLDG,S. RACE URBANA IL
VETERINARY RES FARM-RADIOACTIVE R B,S. RACE URBANA IL
CORN CRIB,S. RACE URBANA IL
VETERINARY RES FARM-PATHOLOGICAL INC,S. RACE URBANA IL
AGRICULTURE ENGINEERING RESEARCH #1,S. LINCOLN EXT. URBANA IL
STRUCTURES PHYSIOLOGY LABORATORY,3305 S. RACE URBANA IL
FREE STALL BARN-LINCOLN AVE DAIRY,2301 S. LINCOLN URBANA IL
VETERINARY RES FARM-HORSE SHELTER,S. RACE URBANA IL
USDA SOYBEAN LABORATORY,3603 SOUTH RACE URBANA IL
SERVICE BUILDING - PELL FARM,WINDSOR RD. URBANA IL
GARAGE - PELL FARM,WINDSOR RD. URBANA IL
FRUIT BUILDING - PELL FARM,WINDSOR RD. URBANA IL
APIARY BUILDING - PELL FARM,WINDSOR RD. URBANA IL
MACHINE STORAGE BUILDING - PELL FARM,WINDSOR RD. URBANA IL
AGRICULTURE ENGINEERING RESEARCH #2,LINCOLN EXTENDED URBANA IL
VEGETABLE RESEARCH FARM - GARAGE,LINCOLN EXTENDED URBANA IL
APICULTURE CAGE HDHS-PELL FR,WINDSOR RD. URBANA IL
MACHINERY STORAGE BUILDING,3603 SOUTH RACE URBANA IL
MACHINERY STORAGE BUILDING #2,3603 SOUTH RACE URBANA IL
GREIN FARM - BARN,W. CURTIS ROAD URBANA IL
GREIN FARM-CORN CRIB,E. CURTIS RD. URBANA IL
GREIN FARM - STORAGE SHED 1,W. CURTIS ROAD URBANA IL
GREIN FARM - STORAGE SHED 2,W. CURTIS ROAD URBANA IL
GREIN FARM - E E STORAGE SHED,W. CURTIS ROAD URBANA IL
SOYBEAN DAMAGE LAB - AN ENG FARM,3603 SOUTH RACE URBANA IL
SOYBEAN RESEARCH - AGRONOMY FARM,1308 W. HAZELWOOD DR. URBANA IL
POMOLOGY STORAGE BLDG - PELL FARM,WINDSOR RD. URBANA IL
PHARMACOLOGY & TOXICOLOGY,S. RACE URBANA IL
POULTRY ISOLATION UNIT - VET RES FAR,"S. RACE, URBANA URBANA" IL
CONFINEMENT BEEF COW BARN,E. ST. MARY'S RD. CHAMPAIGN IL
DRY COW FREE - STALL BARN,2301 S. LINCOLN URBANA IL
HEIFER SHED - LINCOLN AVENUE DAIRY,2301 S. LINCOLN URBANA IL
SOLIDS SEPARATION UNIT - LAD,2301 S. LINCOLN URBANA IL
FREE STALL POLE BUILDING - LAD,2301 S. LINCOLN URBANA IL
SUPERVISOR'S RESIDENCE - BEEF,501 E. ST. MARY'S RD. CHAMPAIGN IL
CRUSE FARM PUMP STATION,2923 S. FIRST ST. CHAMPAIGN IL
NEMATOLOGY STORAGE BUILDING,WINDSOR ROAD URBANA IL
ACID RAIN FIELD BUILDING,S. WRIGHT EXT. CHAMPAIGN IL
CRUSE FARM STORAGE BUILDING,S. FIRST ST. CHAMPAIGN IL
VET RES FARM-DOG HOUSING UNIT,S. RACE ST. URBANA IL
VET RES FARM-SWINE FINISHING BLDG,3305 S. RACE ST. URBANA IL
VET RES FARM-SWINE FARROWING & NURSY,3305 S. RACE ST. URBANA IL
VET RES FARM-DOG SMALL RUMINANT BLDG,3305 S. RACE ST. URBANA IL
VET RES FARM-SWINE GESTATION UNIT,3305 S. RACE ST. URBANA IL
VET RES FARM-SERVICE BUILDING,3305 S. RACE ST. URBANA IL
VET RES FARM-CATTLE CONFINEMENT FAC,S. RACE ST. URBANA IL
VET RES FARM-HAY BARN,S. RACE ST. URBANA IL
BEEF COW FACILITY,2612 S. FIRST ST. CHAMPAIGN IL
BEEF COW FACILITY-CATTLE WKG SHLTR,"S. FOURTH ST., EXT. URBANA" IL
BEEF COW FACILITY-HAY STORAGE,"S. FOURTH ST., EXT. URBANA" IL
VEGETABLE CROPS SHOP & STOR BLDG,"2921 S. FIRST ST., CHAMPAIGN" IL
AGRICULTURAL/PPFM WAREHOUSE STOR A,S. WRIGHT EXT. CHAMPAIGN IL
ENGINEERING WAREHOUSE STOR B,"S. WRIGHT EXT., CHAMPAIGN" IL
ENGINEERING WAREHOUSE STOR C,1921 S. WRIGHT EXT. CHAMPAIGN IL
ELECTRICAL ENG STOR BLDG,2121 S. GIRIFFITH DR. CHAMPAIGN IL
IMPLEMENT STORAGE BLDG-LAD,S. LINCOLN URBANA IL
HAY STORAGE-DAIRY,S. LINCOLN URBANA IL
FEED LOADING-LINCOLN AVE DAIRY,2201 S. LINCOLN URBANA IL
LARGE HEIFER REARING-LAD,2201 S. LINCOLN URBANA IL
SMALL HEIFER REARING-LAD,2201 S. LINCOLN URBANA IL
WATER SURVEY WAREHOUSE,2107 S. GRIFFITH DR. CHAMPAIGN IL
AERONOMY FIELD STATION,1600E AND .7 MILES N OF 1900N URBANA IL
LASER - RADAR FACILITY,1600E AND .7 MILES N OF 1900N URBANA IL
SWINE RES CTR-GENERATOR BLDG,S. FIRST ST. CHAMPAIGN IL
SWINE RES CTR-HEADQUARTERS BLDG,3502 S. FIRST ST. CHAMPAIGN IL
SWINE RES CTR-FEED CENTER,3502 S. FIRST ST. CHAMPAIGN IL
SWINE RES CTR-ISOLATION BLDG,3502 S. FIRST ST. CHAMPAIGN IL
SWINE RES CTR-NURSERY,3502 S. FIRST ST. CHAMPAIGN IL
SWINE RES CTR-GROWING BLDG #1,3502 S. FIRST ST. CHAMPAIGN IL
SWINE RES CTR-GROWING BLDG #2,3502 S. FIRST ST. CHAMPAIGN IL
SWINE RES CTR-FINISHING BLDG #1,3502 S. FIRST ST. CHAMPAIGN IL
METAL STORAGE BUILDING,192 S. WRIGHT ST. EXT. CHAMPAIGN IL
ILLINI UNION WAREHOUSE,50 E. HAZELWOOD DR CHAMPAIGN IL
CORE STORAGE BUILDING,1901 S. OAK ST. CHAMPAIGN IL
O&M STORAGE BUILDING,W. HAZELWOOD DR. URBANA IL
AGRICULTURE STORAGE BUILDING,W. HAZELWOOD DR. URBANA IL
MODULAR INFECTIOUS DIS CONT BLDG #1,RACE STREET URBANA IL
MODULAR INFECTIOUS DIS CONT BLDG #2,RACE STREET URBANA IL
COMMODITIES STORAGE BUILDING,NULL URBANA IL
WILDLIFE BUILDING,W. HAZELWOOD DR. CHAMPAIGN IL
CRUSE FARM - LARGE BARN,NULL URBANA IL
CRUSE FARM - MASONRY GARAGE,NULL URBANA IL
PEST MANAGEMENT LABORATORY,1819 S. OAK ST. CHAMPAIGN IL
SHEEP FARM - RESIDENCE TRALR,201 ST. MARY'S ROAD - BLDG 1059 CHAMPAIGN IL
HORSE RECEIVING BARN,501 E. ST. MARY'S RD. CHAMPAIGN IL
SWINE ISOLATION UNIT,NULL URBANA IL
SWINE MOBLIE HOME,811 W. CURTIS ROAD URBANA IL
MACHINE SHED - AN SCI,811 W. CURTIS ROAD URBANA IL
MACHINE STORAGE CRIB,811 W. CURTIS ROAD URBANA IL
PTI PAVILION,609 1/2 E. CURTIS ROAD CHAMPAIGN IL
POLICE TRAINING INSTITUTE-TACTICAL,609 1/2 E. CURTIS ROAD CHAMPAIGN IL
POLICE TRAINING TACTILE,609 1/2 E. CURTIS ROAD CHAMPAIGN IL
EARLY CHILD DEVELOPMENT LAB,1005 W. NEVADA URBANA IL
HAZELWOOD DRIVE UTILITIES CENTER,1910 S. OAK STREET CHAMPAIGN IL
FORBES NATURAL HISTORY BUILDING,1816 S. OAK STREET CHAMPAIGN IL
Z BUILDING,1901 S. FIRST ST. CHAMPAIGN IL
MOTOROLA BUILDING,"2001 S. FIRST, SUITE 201 CHAMPAIGN" IL
SWINE NURSERY TRAILER - EAST,NULL CHAMPAIGN IL
SWINE NURSERY TRAILER-WEST,3502 S. FIRST ST. CHAMPAIGN IL
PLAYFIELD FACILITY,S. WRIGHT STREET URBANA IL
ILLINI UNION WAREHOUSE #2,509 W. HAZELWOOD DRIVE URBANA IL
INSTITUTE FOR GENOMIC BIOLOGY,1206 W. GREGORY DRIVE URBANA IL
TECHNOLOGY PLAZA,616 E. GREEN CHAMPAIGN IL
WATER SURVEY MAINT. SHOP,2208 GRIFFITH DRIVE CHAMPAIGN IL
SOYFACE BARN,NULL URBANA IL
1902 FOX DRIVE,1902 FOX DRIVE CHAMPAIGN IL
DAIRY FREE STALL BARN,2301 S. LINCOLN URBANA IL
CERL-POLE BARN 11,2902 NEWMARK DR. CHAMPAIGN IL
HAY STORAGE BUILDING,0 S. RACE STREET URBANA IL
1011 W. UNIVERSITY AVE.,1011 W. UNIVERSITY AVE. URBANA IL
ABBOTT SCRUBBER BUILDING,21 E. ARMORY CHAMPAIGN IL
AERODYNAMICS RESEARCH LABORATORY,1021 W WESTERN AVENUE URBANA IL
NORTH CAMPUS PARKING DECK,1201 W. UNIVERSITY AVENUE URBANA IL
ENTERPRISE WORKS @ ILLINOIS,60 HAZELWOOD DRIVE CHAMPAIGN IL
OAK STREET LIBRARY FACILITY,809 S. OAK STREET CHAMPAIGN IL
1313 W. OLD CHURCH ROAD,1313 W. OLD CHURCH ROAD URBANA IL
ISGS POLE BARN WEST,2909 S LINCOLN AVENUE URBANA IL
WILDLIFE RESEARCH LABORATORY,1110 W CURTIS URBANA IL
AVIARY AC BUILDING,# 1100 - 1112 W CURTIS ROAD URBANA IL
PONDS SITE LABORATORY,3505 S. LINCOLN AVE. URBANA IL
ISGS POLE BARN EAST,2911 S LINCOLN AVENUE URBANA IL
Z-2 BUILDING,2001 SOURTH FIRST STREET CHAMPAIGN IL
WATER SURVEY RESEARCH CENTER #1,2204 S. KIRK DR. CHAMPAIGN IL
WATER SURVEY RESEARCH CENTER - SHED,30 BAILEY DR. CHAMPAIGN IL
WATER SURVEY RESEARCH CENTER #3,2208 S. KIRK DR. CHAMPAIGN IL
WATER SURVEY RESEARCH CENTER #4,15 BAILEY DR. CHAMPAIGN IL
WATER SURVEY RESEARCH CENTER #5,35 BAILEY DR. CHAMPAIGN IL
WATER SURVEY RESEARCH CENTER #6,65 BAILEY DR. CHAMPAIGN IL
WATER SURVEY RESEARCH CENTER #7,40 BAILEY DR. CHAMPAIGN IL
WATER SURVEY RESEARCH CENTER #8,60 BAILEY DR. CHAMPAIGN IL
WATER SURVEY RESEARCH CENTER #9,2210 S. KIRK DR. CHAMPAIGN IL
1108 W. STOUGHTON,1108 W. STOUGHTON CHAMPAIGN IL
CERL-MAINBUILDING 2,2902 NEWMARK DR. CHAMPAIGN IL
CERL-MAIN BUILDING 3,2902 NEWMARK DR. CHAMPAIGN IL
CERL- TESS BUILDING,2902 NEWMARK DR. CHAMPAIGN IL
CERL- SOLAR HOUSE 6,2902 NEWMARK DR. CHAMPAIGN IL
CERL- CHEMICAL STORAGE BLDG. 7,2902 NEWMARK DR. CHAMPAIGN IL
CERL-INCINERATOR BUILDING 8,2902 NEWMARK DRI. CHAMPAIGN IL
CERL- UTILITIES BUILDING 9,2902 NEWMARK DR. CHAMPAIGN IL
CERL- FOAM PANEL BUILDING 12,2902 NEWMARK DR. CHAMPAIGN IL
CERL-TESS ANNEX 13,2902 NEWMARK DR. CHAMPAIGN IL
CERL-GREENHOUSE,2902 NEWMARK DR. CHAMPAIGN IL
CERL-SOUTH HALL,2902 NEWMARK DR. CHAMPAIGN IL
CERL-UCHI,2902 NEWMARK DR. CHAMPAIGN IL
CERL-NORTH HALL,2902 NEWMARK DR. CHAMPAIGN IL
SCHNABEL LAB,2902 NEWMARK DR. CHAMPAIGN IL
CHRISTOPHER HALL,904 WEST NEVADA STREET URBANA IL
C-10 PARKING STRUCTURE,812 S. FIFTH CHAMPAIGN IL
WATER SURVEY SHOP & EQUIP. BLDG #11,2208 S. GRIFFITH DR. CHAMPAIGN IL
GREGORY PLACE I,701 S. GREGORY URBANA IL
ASIAN AMERICAN HOUSE,1210 W. NEVADA URBANA IL
BEE RESEARCH FACILITY,3515 SOUTH LINCOLN AVENUE URBANA IL
MOTORCYCLE STORAGE,GERTY DRIVE CHAMPAIGN IL
LINCOLN AVENUE EAST GEOL SURV WHSE,4900 S. RACE STREET URBANA IL
LINCOLN AVENUE WEST GEOL SURV WHSE,4900 S. RACE STREET URBANA IL
EXPOSURE REDUCTION HOUSING UNIT TRAILER A,4900 S. RACE STREET URBANA IL
EXPOSURE REDUCTION HOUSING UNIT TRAILER B,4900 S. RACE STREET URBANA IL
FSI - HAZMAT STORAGE BUILDING,11 EAST GERTY DRIVE CHAMPAIGN IL
FSI - STORAGE BUILDING,11 EAST GERTY DRIVE CHAMPAIGN IL
FSI - FIRE APPARATUS STORAGE BUILDING,11 EAST GERTY DRIVE CHAMPAIGN IL
FSI - TWO STORY BURN BUILDING,11 EAST GERTY DRIVE CHAMPAIGN IL
FSI - RESIDENTIAL BURN BUILDING,11 EAST GERTY DRIVE CHAMPAIGN IL
FIRE SERVICE INSTITUTE - RTC PROP,11 EAST GERTY DRIVE CHAMPAIGN IL
FSI - FILTER HOUSE,11 EAST GERTY DRIVE CHAMPAIGN IL
FSI - SOUTH STORAGE BUILDING,11 EAST GERTY DRIVE CHAMPAIGN IL
FIRE SERVICE INSTITUTE - PROPS,11 E GERTY DR CHAMPAIGN IL
FSI - ARSON TRAINING LABORATORY A,11 EAST GERTY DRIVE CHAMPAIGN IL
FSI - ARSON TRAINING LABORATORY B,11 EAST GERTY DRIVE CHAMPAIGN IL
FSI - ARSON TRAINING LABORATORY C,11 EAST GERTY DRIVE CHAMPAIGN IL
FSI - ARSON TRAINING LABORATORY D,11 EAST GERTY DRIVE CHAMPAIGN IL
INDOOR GOLF FACILITY,1415 W. ST. MARY'S ROAD URBANA IL
305 E. CURTIS ROAD,305 E. CURTIS ROAD URBANA IL
"305 E. CURTIS, POLE SHED",305 E. CURTIS URBANA IL
"300 SOUTH BROADWAY, SUITE 152, URBANA","300 SOUTH BROADWAY, SUITE 152 URBANA" IL
201 INDUSTRIAL DRIVE,201 INDUSTRIAL DRIVE URBANA IL
1112 W. UNIVERSITY AVE,1112 W. UNIVERSITY AVE. URBANA IL
YMCA,1001 S. WRIGHT ST. CHAMPAIGN IL
"1114 CR, 1200 E",NULL CHAMPAIGN IL
BUSINESS INSTRUCTIONAL FACILITY,515 GREGORY DRIVE CHAMPAIGN IL
"528 E GREEN, CHAMPAIGN",528 E. GREEN CHAMPAIGN IL
"505 E. CHALMERS, CHAMPAIGN",505 E. CHALMERS CHAMPAIGN IL
ENGINEERING STUDENT PROJECT LABORATORY,1023 W. WESTERN AVENUE URBANA IL
Z-3 BUILDING,1210-2021 S. FIRST STREET CHAMPAIGN IL
TECH DEV.& FAB. CENTER,1211-2111 S. OAK ST. CHAMPAIGN IL
SPEECH LANGUAGE PATHOLOGY CLINIC,2001 S. OAK CHAMPAIGN IL
CONFERENCE CENTER,111 ST. MARY'S ROAD CHAMPAIGN IL
IHOTEL,1802 S. FIRST STREET CHAMPAIGN IL
POULTRY CAGE HOUSE #3,4513 S. RACE ST. URBANA IL
ASHTON WOODS APARTMENTS OFFICE,2221 S. FIRST STREET CHAMPAIGN IL
ASHTON WOODS APARTMENTS,2301 S. FIRST STREET CHAMPAIGN IL
ASHTON WOODS APARTMENTS,2303 S. FIRST STREET CHAMPAIGN IL
ASHTON WOODS APARTMENTS,2305 S. FIRST STREET CHAMPAIGN IL
ASHTON WOODS APARTMENTS,2307 S. FIRST STREET CHAMPAIGN IL
ASHTON WOODS APARTMENTS,2309 S. FIRST STREET CHAMPAIGN IL
ASHTON WOODS APARTMENTS,2215 S. FIRST STREET CHAMPAIGN IL
ASHTON WOODS APARTMENTS,2217 S. FIRST STREET CHAMPAIGN IL
ASHTON WOODS APARTMENTS,2219 S. FIRST STREET CHAMPAIGN IL
ASHTON WOODS APARTMENTS,2311 S. FIRST STREET CHAMPAIGN IL
ASHTON WOODS APARTMENTS,2313 S. FIRST STREET CHAMPAIGN IL
ASHTON WOODS APARTMENTS,2315 S. FIRST STREET CHAMPAIGN IL
ASHTON WOODS APARTMENTS,2317 S. FIRST STREET CHAMPAIGN IL
ASHTON WOODS APARTMENTS,2319 S. FIRST STREET CHAMPAIGN IL
SHELFORD VIVARIUM GREENHOUSE,608 E. HEALEY CHAMPAIGN IL
POULTRY SPECIALIZED RESEARCH #2,4513 S. RACE STREET URBANA IL
POULTRY HATCHERY #1,4513 S. RACE STREET URBANA IL
POULTRY GROWER HOUSE #4,4513 S. RACE STREET URBANA IL
POULTRY BREEDER HOUSE #5,4513 S. RACE STREET URBANA IL
POULTRY ROOSTER HOUSE,4513 S. RACE STREET URBANA IL
GREGORY PLACE II,1010 W. NEVADA URBANA IL
ENERGY BIOSCIENCE - METAL SHED,4301 S. PHILO ROAD URBANA IL
NATIONAL PETASCALE COMPUTING FACILITY,1244-1725 S. OAK STREET CHAMPAIGN IL
STUDENT DINING AND RESIDENTIAL PROGRAMS BUILDING,301 E. GREGORY DRIVE CHAMPAIGN IL
TIMOTHY J. NUGENT HALL,207 E. GREGORY DRIVE CHAMPAIGN IL
FRUIT RESEARCH FARM - ADMIN. BLDG.,2711 S. RACE STREET CHAMPAIGN IL
FRUIT RESEARCH FARM - EQUIPMENT STORAGE,1031 W. GREGORY DRIVE URBANA IL
FRUIT RESEARCH FARM - CHEMICAL STORAGE,1301 W. GREGORY DRIVE URBANA IL
FSI - LEARNING RESOURCE RESEARCH CENTER,25 GERTY DRIVE CHAMPAIGN IL
507 E. GREEN,507 E. GREEN CHAMPAIGN IL
MCFARLAND CARILLON,1401 W. LOREDO TAFT DRIVE URBANA IL
703 S. WRIGHT,703 S. WRIGHT CHAMPAIGN IL
901 W. UNIVERSITY,901 W. UNIVERSITY URBANA IL
EBI FARM SHED SOUTH FARMS,4110 S. RACE URBANA IL
ROBERT A. EVERS LABORATORY,1909 S. OAK STREET CHAMPAIGN IL
EICHELBERGER FIELD - CONCESSIONS,1201 W. FLORIDA AVE. URBANA IL
EICHELBERGER FIELD - LOCKER ROOM,1201 W. FLORIDA AVE. URBANA IL
704 S. NEIL,704 S. NEIL CHAMPAIGN IL
UNIT 2252,2202 N. MARKET CHAMPAIGN IL
SPACE CC-8,1408 W. ANTHONY DRIVE URBANA IL
SWINE ISOLATION - LL BUILDING,811 W. CURTIS RD URBANA IL
SWINE ISOLATION - QUAD PLEX,811 W. CURTIS RD URBANA IL
SWINE ISOLATION - OLD CORN CRIB,811 W. CURTIS RD URBANA IL
LL NURSERY,3502 S. FIRST ST. CHAMPAIGN IL
SWINE RESEARCH CENTER - N14 STORAGE SHED,3502 S. FIRST ST. CHAMPAIGN IL
ILLINOIS FEILD - CONCESSIONS,FLORIDA AVENUE AND WRIGHT STREET URBANA IL
ILLINOIS FIELD - LOCKER ROOM,FLORIDA AVENUE AND WRIGHT STREET URBANA IL
ILLINOIS FIELD VISITOR'S LOCKER,1605 S. WRIGHT ST. CHAMPAIGN IL
LITTELFUSE RESEARCH CENTER,2110 S. OAK ST. CHAMPAIGN IL
RACE ST. FARMSTEAD - FARMHOUSE,4514 S. RACE ST. URBANA IL
RACE ST. FARMSTEAD - LARGE SHED,4514 S. RACE ST. URBANA IL
RACE ST. FARMSTEAD - SMALL SHED,4514 S. RACE ST. URBANA IL
RACE ST. FARMSTEAD - GRAIN BINS,4514 S. RACE ST. URBANA IL
BIOMASS DRYING OPEN SHED,4110 S. RACE STREET URBANA IL
LITTELFUSE RESEARCH CENTER GENERATOR BUILDING,2110 S. OAK STREET CHAMPAIGN IL
GABLE HOME,1900 S. FIRST STREET CHAMPAIGN IL
FRUIT RESEARCH FARM - PESTICIDE STORAGE UNIT 1,2711 S. RACE STREET URBANA IL
FRUIT RESEARCH FARM - PESTICIDE STORAGE UNIT 2,2711 S. RACE STREET URBANA IL
FSI - STRIP MALL BURN PROP / STREETSCAPE TRAINING PROP,11 EAST GERTY DRIVE CHAMPAIGN IL
CMS STATE GARAGE,201 EISNER ROAD CHAMPAIGN IL
CROP SCIENCES RESEARCH AND EDUCATION CENTER - MAIN BUILDING,1205 COUNTY ROAD 1200N CHAMPAIGN IL
"PROVENA MEDICAL OFFICE BUILDING, SUITE 207",1405 W. PARK ST. URBANA IL
FSI - INDUSTRIAL TRAINING PROP,11 EAST GERTY DRIVE CHAMPAIGN IL
FSI - TRENCH TRAINING PROP,11 EAST GERTY DRIVE CHAMPAIGN IL
FSI - RAILROAD PROP,11 EAST GERTY DRIVE CHAMPAIGN IL
FSI - GRAIN BIN PROP,11 EAST GERTY DRIVE CHAMPAIGN IL
FSI - HEAVY COLLAPSE PILE,11 EAST GERTY DRIVE CHAMPAIGN IL
FSI - COLLAPSE BASE OF OPERATIONS,11 EAST GERTY DRIVE CHAMPAIGN IL
SOYFACE QUONSET,NULL URBANA IL
SOYFACE TRAILER,NULL URBANA IL
BROWNFIELD WOODS,N HIGH CROSS ROAD URBANA IL
116 N. WALNUT ST.,116 N. WALNUT ST. CHAMPAIGN IL
509 W UNIVERSITY AVE,509 W UNIVERSITY AVE URBANA IL
EBI FARM GREENHOUSE SOUTH FARMS,4110 S. RACE URBANA IL
TECHNICAL DEVELOPMENT AND FABRICATION CENTER III,210 HAZELWOOD DRIVE CHAMPAIGN IL
LINCOLN COMMERCE CENTER,726-732 KILLARNEY URBANA IL
"SOLAR DECATHLON HOUSE ""RE_HOME"" 2011",3605 S. RACE STREET URBANA IL
PTI-CONTROL BOOTH,609 1/2 E. CURTIS ROAD CHAMPAIGN IL
512 E GREEN - 4TH FLOOR,512 E GREEN CHAMPAIGN IL
EBI SITE OFFICE,4301 S. PHILO ROAD URBANA IL
EBI CORN CRIB,4301 S. PHILO ROAD URBANA IL
AERONOMY SHED,1600E AND .7 MILES N OF 1900N URBANA IL
AERONOMY POLE BARN,1600E AND .7 MILES N OF 1900N URBANA IL
CENTER FOR WOUNDED VETERANS IN HIGHER EDUCATION,908 W. NEVADA URBANA IL
"1203 W OREGON, URBANA -GROUNDS SHED",1203 W. OREGON URBANA IL
1110 W. STOUGHTON,1110 W. STOUGHTON CHAMPAIGN IL
INFORMATION CENTERS,MULTIPLE LOCATIONS CHAMPAIGN IL
Swine Research Center – Swine Calorimeter Unit,3502 S. First Street CHAMPAIGN IL
YAHOO BUILDING - Z-4,1908 S. FIRST CHAMPAIGN IL
"  Main Building 4, UIUC – CERL",  2902 Newmark Drive CHAMPAIGN IL
PIGLET NUTRITION AND COGNITION LAB,4900 S. RACE ST. URBANA IL
CERL – Plant/Soil Response Facility,2902 Newmark Drive CHAMPAIGN IL
I-CYT,2105-2100 S. OAK ST. CHAMPAIGN IL
FLORIDA AVENUE APARTMENTS,1205 E. FLORIDA AVE. URBANA IL
COMPOSTING SITE,S. RACE STREET URBANA IL
COUNTY PLAZA,  102 E. MAIN ST. URBANA IL
CHEMICAL & LIFE SCIENCES LABORATORY CHILLER PLANT,601 S. GOODWIN URBANA IL
OAK STREET CHILLER PLANT,1305 S. OAK STREET CHAMPAIGN IL
ABBOTT MOAB TRAILER - EAST,1501 S. OAK STREET CHAMPAIGN IL
TES PUMP HOUSE,1705 S. OAK ST. CHAMPAIGN IL
ABBOTT ELECTROSTATIC PRECIPITATORS BUILDING,1117 S. OAK CHAMPAIGN IL
ABBOTT TRACTOR HOUSE,1117 S. OAK CHAMPAIGN IL
ABBOTT BLOWER BUILDING,1117 S. OAK CHAMPAIGN IL
ABBOTT BLUE TANK BUILDING,1117 S. OAK CHAMPAIGN IL
ABBOTT REVERSE OSMOSIS BUILDING,1117 S. OAK CHAMPAIGN IL
ABBOTT ASH SILO,1117 S. OAK CHAMPAIGN IL
ABBOTT CEM SHACK,1117 S. OAK CHAMPAIGN IL
ABBOTT CRUSHER HOUSE,1117 S. OAK CHAMPAIGN IL
ABBOTT THAW HOUSE,1117 S. OAK CHAMPAIGN IL
ABBOTT FILTER PRESS BUILDING,1117 S. OAK CHAMPAIGN IL
ABBOTT MOAB TRAILER - WEST,1501 S. OAK STREET CHAMPAIGN IL